{
  "errors": [],
  "generated_at": "2025-11-18T16:32:15Z",
  "metrics": {
    "./main.py": {
      "CONFIDENCE.HIGH": 3,
      "CONFIDENCE.LOW": 1,
      "CONFIDENCE.MEDIUM": 4,
      "CONFIDENCE.UNDEFINED": 0,
      "SEVERITY.HIGH": 3,
      "SEVERITY.LOW": 3,
      "SEVERITY.MEDIUM": 2,
      "SEVERITY.UNDEFINED": 0,
      "loc": 42,
      "nosec": 0,
      "skipped_tests": 0
    },
    "_totals": {
      "CONFIDENCE.HIGH": 3,
      "CONFIDENCE.LOW": 1,
      "CONFIDENCE.MEDIUM": 4,
      "CONFIDENCE.UNDEFINED": 0,
      "SEVERITY.HIGH": 3,
      "SEVERITY.LOW": 3,
      "SEVERITY.MEDIUM": 2,
      "SEVERITY.UNDEFINED": 0,
      "loc": 42,
      "nosec": 0,
      "skipped_tests": 0
    }
  },
  "results": [
    {
      "code": "3 import sqlite3\n4 import subprocess\n5 \n",
      "col_offset": 0,
      "end_col_offset": 17,
      "filename": "./main.py",
      "issue_confidence": "HIGH",
      "issue_cwe": {
        "id": 78,
        "link": "https://cwe.mitre.org/data/definitions/78.html"
      },
      "issue_severity": "LOW",
      "issue_text": "Consider possible security implications associated with the subprocess module.",
      "line_number": 4,
      "line_range": [
        4
      ],
      "more_info": "https://bandit.readthedocs.io/en/1.9.1/blacklists/blacklist_imports.html#b404-import-subprocess",
      "test_id": "B404",
      "test_name": "blacklist"
    },
    {
      "code": "8 # VULNERABILITY 1: Hardcoded Secret\n9 app.config['SECRET_KEY'] = 'super-secret-key-12345'\n10 DB_PASSWORD = \"admin123\"\n",
      "col_offset": 11,
      "end_col_offset": 23,
      "filename": "./main.py",
      "issue_confidence": "MEDIUM",
      "issue_cwe": {
        "id": 259,
        "link": "https://cwe.mitre.org/data/definitions/259.html"
      },
      "issue_severity": "LOW",
      "issue_text": "Possible hardcoded password: 'super-secret-key-12345'",
      "line_number": 9,
      "line_range": [
        9
      ],
      "more_info": "https://bandit.readthedocs.io/en/1.9.1/plugins/b105_hardcoded_password_string.html",
      "test_id": "B105",
      "test_name": "hardcoded_password_string"
    },
    {
      "code": "9 app.config['SECRET_KEY'] = 'super-secret-key-12345'\n10 DB_PASSWORD = \"admin123\"\n11 API_KEY = \"sk_live_1234567890abcdef\"\n",
      "col_offset": 14,
      "end_col_offset": 24,
      "filename": "./main.py",
      "issue_confidence": "MEDIUM",
      "issue_cwe": {
        "id": 259,
        "link": "https://cwe.mitre.org/data/definitions/259.html"
      },
      "issue_severity": "LOW",
      "issue_text": "Possible hardcoded password: 'admin123'",
      "line_number": 10,
      "line_range": [
        10
      ],
      "more_info": "https://bandit.readthedocs.io/en/1.9.1/plugins/b105_hardcoded_password_string.html",
      "test_id": "B105",
      "test_name": "hardcoded_password_string"
    },
    {
      "code": "28     cursor = conn.cursor()\n29     query = \"SELECT * FROM users WHERE username = '\" + username + \"'\"\n30     cursor.execute(query)\n",
      "col_offset": 12,
      "end_col_offset": 52,
      "filename": "./main.py",
      "issue_confidence": "LOW",
      "issue_cwe": {
        "id": 89,
        "link": "https://cwe.mitre.org/data/definitions/89.html"
      },
      "issue_severity": "MEDIUM",
      "issue_text": "Possible SQL injection vector through string-based query construction.",
      "line_number": 29,
      "line_range": [
        29
      ],
      "more_info": "https://bandit.readthedocs.io/en/1.9.1/plugins/b608_hardcoded_sql_expressions.html",
      "test_id": "B608",
      "test_name": "hardcoded_sql_expressions"
    },
    {
      "code": "36     cmd = request.args.get('cmd', 'whoami')\n37     result = os.system(cmd)\n38     return f'Command executed: {result}'\n",
      "col_offset": 13,
      "end_col_offset": 27,
      "filename": "./main.py",
      "issue_confidence": "HIGH",
      "issue_cwe": {
        "id": 78,
        "link": "https://cwe.mitre.org/data/definitions/78.html"
      },
      "issue_severity": "HIGH",
      "issue_text": "Starting a process with a shell, possible injection detected, security issue.",
      "line_number": 37,
      "line_range": [
        37
      ],
      "more_info": "https://bandit.readthedocs.io/en/1.9.1/plugins/b605_start_process_with_a_shell.html",
      "test_id": "B605",
      "test_name": "start_process_with_a_shell"
    },
    {
      "code": "50     host = request.args.get('host', 'localhost')\n51     result = subprocess.call(f'ping -c 1 {host}', shell=True)\n52     return f'Ping result: {result}'\n",
      "col_offset": 13,
      "end_col_offset": 61,
      "filename": "./main.py",
      "issue_confidence": "HIGH",
      "issue_cwe": {
        "id": 78,
        "link": "https://cwe.mitre.org/data/definitions/78.html"
      },
      "issue_severity": "HIGH",
      "issue_text": "subprocess call with shell=True identified, security issue.",
      "line_number": 51,
      "line_range": [
        51
      ],
      "more_info": "https://bandit.readthedocs.io/en/1.9.1/plugins/b602_subprocess_popen_with_shell_equals_true.html",
      "test_id": "B602",
      "test_name": "subprocess_popen_with_shell_equals_true"
    },
    {
      "code": "55 if __name__ == '__main__':\n56     app.run(debug=True, host='0.0.0.0', port=5000)\n",
      "col_offset": 4,
      "end_col_offset": 50,
      "filename": "./main.py",
      "issue_confidence": "MEDIUM",
      "issue_cwe": {
        "id": 94,
        "link": "https://cwe.mitre.org/data/definitions/94.html"
      },
      "issue_severity": "HIGH",
      "issue_text": "A Flask app appears to be run with debug=True, which exposes the Werkzeug debugger and allows the execution of arbitrary code.",
      "line_number": 56,
      "line_range": [
        56
      ],
      "more_info": "https://bandit.readthedocs.io/en/1.9.1/plugins/b201_flask_debug_true.html",
      "test_id": "B201",
      "test_name": "flask_debug_true"
    },
    {
      "code": "55 if __name__ == '__main__':\n56     app.run(debug=True, host='0.0.0.0', port=5000)\n",
      "col_offset": 29,
      "end_col_offset": 38,
      "filename": "./main.py",
      "issue_confidence": "MEDIUM",
      "issue_cwe": {
        "id": 605,
        "link": "https://cwe.mitre.org/data/definitions/605.html"
      },
      "issue_severity": "MEDIUM",
      "issue_text": "Possible binding to all interfaces.",
      "line_number": 56,
      "line_range": [
        56
      ],
      "more_info": "https://bandit.readthedocs.io/en/1.9.1/plugins/b104_hardcoded_bind_all_interfaces.html",
      "test_id": "B104",
      "test_name": "hardcoded_bind_all_interfaces"
    }
  ]
}